geo_id_ads,region
9222443,Andalucía
9213903,Andalucía
9219664,Andalucía
9049089,Andalucía
1005410,Andalucía
9221122,Andalucía
9198684,Andalucía
1005406,Andalucía
9049104,Andalucía
9216881,Andalucía
9217019,Andalucía
9049001,Andalucía
9211690,Andalucía
9209620,Andalucía
9222366,Andalucía
9216369,Andalucía
9210279,Andalucía
1005409,Andalucía
9222068,Andalucía
9218646,Andalucía
9049014,Andalucía
9217749,Andalucía
9049143,Andalucía
9211218,Andalucía
9047036,Andalucía
9212695,Andalucía
9218568,Andalucía
9049121,Andalucía
9049109,Andalucía
9211990,Andalucía
9049057,Andalucía
9222292,Andalucía
9214643,Andalucía
9048958,Andalucía
9049120,Andalucía
9218463,Andalucía
9210402,Andalucía
9215154,Andalucía
9197933,Andalucía
9218648,Andalucía
9209232,Andalucía
9190729,Andalucía
9048975,Andalucía
9198006,Andalucía
9216882,Andalucía
9212848,Andalucía
9198451,Andalucía
9208524,Andalucía
9219084,Andalucía
1005443,Andalucía
9209242,Andalucía
9218879,Andalucía
9049229,Andalucía
9219000,Andalucía
9214024,Andalucía
9218601,Andalucía
9199249,Andalucía
9219172,Andalucía
9049090,Andalucía
9207913,Andalucía
9217089,Andalucía
9217070,Andalucía
9199219,Andalucía
9218461,Andalucía
9049066,Andalucía
9212171,Andalucía
9049141,Andalucía
9210750,Andalucía
9195364,Andalucía
9195711,Andalucía
9216619,Andalucía
9209886,Andalucía
9207618,Andalucía
9222858,Andalucía
9218886,Andalucía
9212781,Andalucía
9049033,Andalucía
9219591,Andalucía
9211527,Andalucía
9041195,Andalucía
9211375,Andalucía
9049237,Andalucía
9210671,Andalucía
9221075,Andalucía
9048988,Andalucía
9209506,Andalucía
9214783,Andalucía
9048978,Andalucía
9198287,Andalucía
9207765,Andalucía
9212437,Andalucía
9049144,Andalucía
9221429,Andalucía
9211420,Andalucía
1005411,Andalucía
1005422,Andalucía
9216315,Andalucía
9214376,Andalucía
9049197,Andalucía
9220749,Andalucía
9214715,Andalucía
9216449,Andalucía
9049017,Andalucía
9049022,Andalucía
9047061,Andalucía
9214294,Andalucía
9049045,Andalucía
9049228,Andalucía
9210027,Andalucía
9207100,Andalucía
9220790,Andalucía
9189575,Andalucía
9209635,Andalucía
9215194,Andalucía
9221308,Andalucía
9219507,Andalucía
9213800,Andalucía
1005445,Andalucía
9212761,Andalucía
9219712,Andalucía
9194145,Andalucía
9210297,Andalucía
9197146,Andalucía
9217865,Andalucía
9217905,Andalucía
9217467,Andalucía
9216763,Andalucía
9218025,Andalucía
9049220,Andalucía
9208253,Andalucía
1005408,Andalucía
9214886,Andalucía
9212608,Andalucía
9212568,Andalucía
9216430,Andalucía
9219022,Andalucía
9049003,Andalucía
20273,Andalucía
9197443,Andalucía
9214695,Andalucía
9220299,Andalucía
9049118,Andalucía
9220979,Andalucía
9049221,Andalucía
1005446,Andalucía
9213087,Andalucía
9207462,Andalucía
9210791,Andalucía
9213077,Andalucía
9049056,Andalucía
1005420,Andalucía
9218321,Andalucía
9048957,Andalucía
9207115,Andalucía
9214828,Andalucía
9198177,Andalucía
9049098,Andalucía
9216151,Andalucía
9047063,Andalucía
9215221,Andalucía
9210962,Andalucía
9222457,Andalucía
9049174,Andalucía
9198101,Andalucía
9220039,Andalucía
9049194,Andalucía
9211846,Andalucía
9217596,Andalucía
9049069,Andalucía
9048985,Andalucía
9047060,Andalucía
9196881,Andalucía
9216805,Andalucía
9049230,Andalucía
9197822,Andalucía
9049111,Andalucía
9194346,Andalucía
9216326,Andalucía
9198319,Andalucía
9209797,Andalucía
9194195,Andalucía
9198281,Andalucía
9217956,Andalucía
9048986,Andalucía
9207877,Andalucía
9211615,Andalucía
9213523,Andalucía
9212980,Andalucía
9221316,Andalucía
9214437,Andalucía
9049037,Andalucía
9210236,Andalucía
9208544,Andalucía
9209999,Andalucía
9207054,Andalucía
9208301,Andalucía
9215469,Andalucía
9049199,Andalucía
1005415,Andalucía
9049140,Andalucía
9215163,Andalucía
9208153,Andalucía
9207329,Andalucía
1005421,Andalucía
9220761,Andalucía
9216096,Andalucía
9207193,Andalucía
9207571,Andalucía
9221930,Andalucía
9214415,Andalucía
9049064,Andalucía
9049116,Andalucía
9211359,Andalucía
9216477,Andalucía
9048999,Andalucía
9212453,Andalucía
9215106,Andalucía
9216515,Andalucía
9222107,Andalucía
9193570,Andalucía
9049095,Andalucía
9196308,Andalucía
9049124,Andalucía
9049128,Andalucía
1005405,Andalucía
9049100,Andalucía
9216080,Andalucía
20268,Andalucía
9212475,Andalucía
9221936,Andalucía
9211767,Andalucía
9220602,Andalucía
9199027,Andalucía
9198266,Andalucía
9049137,Andalucía
9207207,Andalucía
9219137,Andalucía
9216962,Andalucía
9216753,Andalucía
9212018,Andalucía
9211779,Andalucía
9210212,Andalucía
9213987,Andalucía
9221473,Andalucía
9049036,Andalucía
9197188,Andalucía
9220010,Andalucía
9049097,Andalucía
9219150,Andalucía
9049187,Andalucía
9220037,Andalucía
9210067,Andalucía
9217334,Andalucía
9049161,Andalucía
9215281,Andalucía
9210604,Andalucía
9219312,Andalucía
9049068,Andalucía
9197279,Andalucía
9208148,Andalucía
9220334,Andalucía
9219347,Andalucía
9048974,Andalucía
9213790,Andalucía
9219115,Andalucía
9211732,Andalucía
9220579,Andalucía
9210572,Andalucía
9220832,Andalucía
9220255,Andalucía
9219665,Andalucía
9049005,Andalucía
9208743,Andalucía
9214014,Andalucía
9049099,Andalucía
9217466,Andalucía
9208756,Andalucía
9213477,Andalucía
9214307,Andalucía
9217453,Andalucía
9222291,Andalucía
9207458,Andalucía
9219597,Andalucía
9210789,Andalucía
9215787,Andalucía
9216587,Andalucía
9219537,Andalucía
9049191,Andalucía
9215216,Andalucía
9213605,Andalucía
9216502,Andalucía
9208090,Andalucía
9217238,Andalucía
9211959,Andalucía
9221359,Andalucía
9217709,Andalucía
9049058,Andalucía
9047035,Andalucía
9217617,Andalucía
9211809,Andalucía
9207051,Andalucía
9049157,Andalucía
9211396,Andalucía
9048990,Andalucía
9049177,Andalucía
9218195,Andalucía
9222106,Andalucía
9220416,Andalucía
9212612,Andalucía
20269,Andalucía
9215100,Andalucía
9213334,Andalucía
9218053,Andalucía
9210404,Andalucía
9215829,Andalucía
1005407,Andalucía
9049103,Andalucía
9049000,Andalucía
9209586,Andalucía
9213358,Andalucía
9221405,Andalucía
9049059,Andalucía
9209300,Andalucía
9216735,Andalucía
9049164,Andalucía
9212500,Andalucía
9219920,Andalucía
9048964,Andalucía
9049169,Andalucía
9211974,Andalucía
9049027,Andalucía
9220659,Andalucía
9047062,Andalucía
9210487,Andalucía
9220916,Andalucía
9049232,Andalucía
9215897,Andalucía
9213918,Andalucía
9209166,Andalucía
9212180,Andalucía
9221779,Andalucía
9219848,Andalucía
9211614,Andalucía
9196994,Andalucía
9212060,Andalucía
9049175,Andalucía
9196103,Andalucía
9222401,Andalucía
9212967,Andalucía
9049158,Andalucía
9220680,Andalucía
1005418,Andalucía
9208351,Andalucía
9214417,Andalucía
9214022,Andalucía
9049127,Andalucía
9219851,Andalucía
9049208,Andalucía
9212683,Andalucía
9221270,Andalucía
9209796,Andalucía
9222172,Andalucía
9221995,Andalucía
9208961,Andalucía
9049117,Andalucía
1005419,Andalucía
9216750,Andalucía
9217584,Andalucía
9213953,Andalucía
9049122,Andalucía
9049042,Andalucía
9221549,Andalucía
9049123,Andalucía
9049179,Andalucía
9210963,Andalucía
9216855,Andalucía
9209009,Andalucía
9208825,Andalucía
9049102,Andalucía
9221150,Andalucía
9221970,Andalucía
9041198,Andalucía
9218335,Andalucía
9212384,Andalucía
9215219,Andalucía
9212350,Andalucía
9220676,Andalucía
9217609,Andalucía
9195738,Andalucía
9049153,Andalucía
1005414,Andalucía
9049028,Andalucía
9210146,Andalucía
9222206,Andalucía
9222456,Andalucía
9214434,Andalucía
9217372,Andalucía
9222459,Andalucía
9199194,Andalucía
9211542,Andalucía
9209650,Andalucía
9221879,Andalucía
9221526,Andalucía
9048996,Andalucía
9219031,Andalucía
9221698,Andalucía
1005444,Andalucía
9198251,Andalucía
9221702,Andalucía
1005416,Andalucía
9213976,Andalucía
9198391,Andalucía
9219942,Andalucía
9219885,Andalucía
9218691,Andalucía
9217980,Andalucía
9049048,Andalucía
20300,Aragón
9214126,Aragón
9216445,Aragón
1005548,Aragón
9049080,Aragón
9215346,Aragón
9210106,Aragón
9218777,Aragón
9209936,Aragón
9049142,Aragón
9208584,Aragón
9049231,Aragón
9219908,Aragón
9216098,Aragón
9214044,Aragón
9213496,Aragón
9217682,Aragón
9207424,Aragón
9212167,Aragón
9047054,Aragón
9211806,Aragón
9220528,Aragón
9215953,Aragón
9220285,Aragón
9047052,Aragón
9198683,Aragón
9218952,Aragón
9207973,Aragón
1005511,Aragón
9222431,Aragón
9222650,Aragón
9212872,Aragón
9212248,Aragón
9215324,Aragón
9049218,Aragón
9214978,Aragón
21386,Aragón
9198977,Aragón
9048965,Aragón
9222586,Aragón
9208455,Aragón
9208888,Aragón
9049002,Aragón
9211131,Aragón
9049087,Aragón
9214301,Aragón
9222174,Aragón
9049071,Aragón
9220108,Aragón
9218339,Aragón
9213796,Asturias
9208413,Asturias
9215992,Asturias
9220565,Asturias
9209717,Asturias
9207942,Asturias
9217931,Asturias
9212643,Asturias
1005510,Asturias
9214827,Asturias
9049244,Asturias
9217143,Asturias
9207664,Asturias
9219950,Asturias
9210641,Asturias
9207650,Asturias
9210403,Asturias
9217624,Asturias
9210477,Asturias
9221817,Asturias
9198894,Asturias
9211237,Asturias
9216344,Asturias
9049150,Asturias
9214031,Asturias
9211780,Asturias
9220835,Asturias
9208820,Asturias
9212192,Asturias
9047040,Asturias
9207229,Asturias
9208122,Asturias
9214251,Asturias
9219622,Asturias
9208717,Asturias
9207128,Asturias
9215084,Asturias
9221926,Asturias
9218743,Asturias
9212023,Asturias
9211313,Asturias
9215579,Asturias
9209815,Asturias
9216625,Asturias
9222329,Asturias
9208737,Asturias
9212482,Asturias
9218684,Asturias
9218677,Asturias
9210281,Asturias
9208018,Asturias
9211549,Asturias
9211810,Asturias
9217122,Asturias
9212471,Asturias
9209254,Asturias
9049185,Asturias
9216147,Asturias
1005507,Asturias
9218729,Asturias
9222688,Asturias
1005508,Asturias
9049114,Asturias
9222880,Asturias
1005509,Asturias
9219291,Asturias
9218468,Asturias
9207485,Asturias
9192367,Asturias
9212082,Asturias
9218884,Asturias
9221937,Asturias
9212943,Asturias
9215780,Asturias
9210566,Asturias
9211043,Asturias
9213571,Asturias
9216873,Asturias
9222783,Asturias
9213654,Asturias
20286,Asturias
9214914,Asturias
9217316,Asturias
9219686,Cantabria
9217181,Cantabria
9220015,Cantabria
9210464,Cantabria
9212400,Cantabria
1005526,Cantabria
9214609,Cantabria
9215658,Cantabria
20290,Cantabria
9208002,Cantabria
9207831,Cantabria
9049107,Cantabria
1005524,Cantabria
9221447,Cantabria
9219352,Cantabria
9049207,Cantabria
9216474,Cantabria
9209627,Cantabria
9217492,Cantabria
9215691,Cantabria
9208519,Cantabria
9215508,Cantabria
9209964,Cantabria
9047050,Cantabria
9213441,Cantabria
9049222,Cantabria
9049119,Cantabria
9215701,Cantabria
9214029,Cantabria
9199228,Cantabria
9207313,Cantabria
9222332,Cantabria
9049031,Cantabria
9220706,Cantabria
9197898,Cantabria
9215209,Cantabria
9218365,Cantabria
9221078,Cantabria
9211528,Cantabria
9220271,Cantabria
9049043,Cantabria
9217168,Cantabria
9207194,Cantabria
9190023,Castilla y León
9047047,Castilla y León
9217047,Castilla y León
9049041,Castilla y León
9212756,Castilla y León
1005448,Castilla y León
1005527,Castilla y León
1005452,Castilla y León
9217419,Castilla y León
9209022,Castilla y León
9208601,Castilla y León
9217283,Castilla y León
9212732,Castilla y León
9196730,Castilla y León
9049160,Castilla y León
9209447,Castilla y León
9208289,Castilla y León
9208386,Castilla y León
1005546,Castilla y León
9047048,Castilla y León
9214540,Castilla y León
9222799,Castilla y León
1005528,Castilla y León
9219297,Castilla y León
9214769,Castilla y León
9049007,Castilla y León
9049009,Castilla y León
9209474,Castilla y León
9221301,Castilla y León
9209493,Castilla y León
9049250,Castilla y León
9211175,Castilla y León
1005450,Castilla y León
1005451,Castilla y León
1005454,Castilla y León
9222873,Castilla y León
9220777,Castilla y León
9215616,Castilla y León
9214633,Castilla y León
9221297,Castilla y León
9215208,Castilla y León
9047041,Castilla y León
1005453,Castilla y León
9211553,Castilla y León
9213586,Castilla y León
9220497,Castilla y León
9207444,Castilla y León
20291,Castilla y León
9220902,Castilla y León
9209795,Castilla y León
9208898,Castilla y León
9210436,Castilla y León
9047042,Castilla y León
9047049,Castilla y León
9193865,Castilla y León
9216871,Castilla y León
9220596,Castilla y León
9213895,Castilla y León
9221009,Castilla y León
9218585,Castilla y León
9215718,Castilla y León
9219038,Castilla y León
9216955,Castilla y León
9047044,Castilla y León
9216913,Castilla y León
9211495,Castilla y León
20275,Castilla y León
20298,Castilla y León
9049039,Castilla y León
9216721,Castilla y León
9222635,Castilla y León
9208117,Castilla y León
9213373,Castilla y León
1005449,Castilla y León
9212853,Castilla y León
9209134,Castilla y León
9217586,Castilla y León
9208763,Castilla y León
9213493,Castilla y León
20292,Castilla y León
9208798,Castilla y León
9216111,Castilla-La Mancha
9212682,Castilla-La Mancha
9218668,Castilla-La Mancha
9212021,Castilla-La Mancha
9049180,Castilla-La Mancha
9209365,Castilla-La Mancha
9216190,Castilla-La Mancha
9210074,Castilla-La Mancha
9207351,Castilla-La Mancha
9221758,Castilla-La Mancha
9207825,Castilla-La Mancha
20296,Castilla-La Mancha
9212825,Castilla-La Mancha
9214073,Castilla-La Mancha
9219428,Castilla-La Mancha
9190077,Castilla-La Mancha
9049051,Castilla-La Mancha
9213446,Castilla-La Mancha
9049126,Castilla-La Mancha
9049216,Castilla-La Mancha
9207083,Castilla-La Mancha
9214317,Castilla-La Mancha
1005456,Castilla-La Mancha
9049133,Castilla-La Mancha
9222183,Castilla-La Mancha
9049243,Castilla-La Mancha
9207119,Castilla-La Mancha
9217714,Castilla-La Mancha
9215298,Castilla-La Mancha
9213431,Castilla-La Mancha
9210223,Castilla-La Mancha
9047057,Castilla-La Mancha
9216517,Castilla-La Mancha
9049219,Castilla-La Mancha
9222774,Castilla-La Mancha
9222742,Castilla-La Mancha
9215506,Castilla-La Mancha
9212675,Castilla-La Mancha
9209343,Castilla-La Mancha
9208806,Castilla-La Mancha
9207829,Castilla-La Mancha
9207901,Castilla-La Mancha
9049046,Castilla-La Mancha
1005459,Castilla-La Mancha
9221059,Castilla-La Mancha
9208904,Castilla-La Mancha
1005457,Castilla-La Mancha
9048976,Castilla-La Mancha
9049105,Castilla-La Mancha
9217161,Castilla-La Mancha
9222325,Castilla-La Mancha
9049083,Castilla-La Mancha
9217000,Castilla-La Mancha
1005534,Castilla-La Mancha
9214465,Castilla-La Mancha
9221935,Castilla-La Mancha
1005455,Castilla-La Mancha
1005460,Castilla-La Mancha
9214681,Castilla-La Mancha
9191575,Castilla-La Mancha
9048998,Castilla-La Mancha
9220818,Castilla-La Mancha
9049234,Castilla-La Mancha
9217833,Castilla-La Mancha
9047058,Castilla-La Mancha
9218755,Castilla-La Mancha
9216816,Castilla-La Mancha
20276,Castilla-La Mancha
9049029,Castilla-La Mancha
9219060,Castilla-La Mancha
9219145,Castilla-La Mancha
9219161,Castilla-La Mancha
9047059,Castilla-La Mancha
9216110,Castilla-La Mancha
9048967,Castilla-La Mancha
9213899,Castilla-La Mancha
9047046,Castilla-La Mancha
9195643,Castilla-La Mancha
9216742,Castilla-La Mancha
9213217,Castilla-La Mancha
9218913,Castilla-La Mancha
9209662,Castilla-La Mancha
9212804,Cataluña
9216857,Cataluña
20270,Cataluña
9209425,Cataluña
9222066,Cataluña
9198606,Cataluña
9218411,Cataluña
9215709,Cataluña
9212874,Cataluña
9212932,Cataluña
9211123,Cataluña
9181141,Cataluña
9216592,Cataluña
9210285,Cataluña
9218174,Cataluña
9219601,Cataluña
9214456,Cataluña
9209697,Cataluña
9211256,Cataluña
20278,Cataluña
9049190,Cataluña
9049217,Cataluña
9219209,Cataluña
9049112,Cataluña
9218971,Cataluña
9049061,Cataluña
9049225,Cataluña
1005426,Cataluña
9221222,Cataluña
9208739,Cataluña
9214831,Cataluña
9217533,Cataluña
9195489,Cataluña
9209304,Cataluña
9049200,Cataluña
9214903,Cataluña
9214564,Cataluña
9207132,Cataluña
9049063,Cataluña
9219722,Cataluña
9216700,Cataluña
9209460,Cataluña
1005427,Cataluña
9217529,Cataluña
9211232,Cataluña
9220096,Cataluña
9215012,Cataluña
9207331,Cataluña
9210178,Cataluña
9212999,Cataluña
1005473,Cataluña
9217639,Cataluña
9221442,Cataluña
9208927,Cataluña
9219196,Cataluña
9212649,Cataluña
9216812,Cataluña
9207377,Cataluña
9196381,Cataluña
9208693,Cataluña
9196816,Cataluña
9208774,Cataluña
9222282,Cataluña
9212737,Cataluña
9198962,Cataluña
9209104,Cataluña
9216100,Cataluña
1005429,Cataluña
9218410,Cataluña
9181150,Cataluña
9222515,Cataluña
9216990,Cataluña
9219807,Cataluña
9209053,Cataluña
9211268,Cataluña
9220535,Cataluña
9208376,Cataluña
9215417,Cataluña
9210870,Cataluña
9197598,Cataluña
9215198,Cataluña
9214901,Cataluña
9214773,Cataluña
9212861,Cataluña
9208979,Cataluña
9220337,Cataluña
9049093,Cataluña
9211325,Cataluña
9220030,Cataluña
9211120,Cataluña
9216969,Cataluña
9049129,Cataluña
9209739,Cataluña
9213267,Cataluña
9211919,Cataluña
9219809,Cataluña
9211183,Cataluña
9207660,Cataluña
9221721,Cataluña
9207259,Cataluña
9220191,Cataluña
9208833,Cataluña
9207548,Cataluña
9195330,Cataluña
9220325,Cataluña
9212144,Cataluña
9208711,Cataluña
9210928,Cataluña
9214197,Cataluña
9210268,Cataluña
9215170,Cataluña
9209924,Cataluña
9195843,Cataluña
9207472,Cataluña
1005470,Cataluña
9210753,Cataluña
9196033,Cataluña
9049213,Cataluña
9198316,Cataluña
9220795,Cataluña
9210135,Cataluña
9213969,Cataluña
9212032,Cataluña
9197321,Cataluña
9219018,Cataluña
1005433,Cataluña
9220533,Cataluña
9049201,Cataluña
9197648,Cataluña
9196776,Cataluña
9218735,Cataluña
9218722,Cataluña
9208410,Cataluña
9221911,Cataluña
9211565,Cataluña
9198598,Cataluña
9220582,Cataluña
9210679,Cataluña
9196741,Cataluña
9222728,Cataluña
9212390,Cataluña
9196034,Cataluña
9209361,Cataluña
9211948,Cataluña
9212472,Cataluña
9195730,Cataluña
9217097,Cataluña
9220923,Cataluña
9199002,Cataluña
9208515,Cataluña
9219101,Cataluña
9181160,Cataluña
9049052,Cataluña
9208155,Cataluña
9218792,Cataluña
9049025,Cataluña
9210376,Cataluña
9214058,Cataluña
9210039,Cataluña
9221944,Cataluña
9212062,Cataluña
9222146,Cataluña
9209426,Cataluña
1005425,Cataluña
9209915,Cataluña
9181156,Cataluña
9198402,Cataluña
9222290,Cataluña
9217361,Cataluña
9222388,Cataluña
9195912,Cataluña
9210173,Cataluña
9216618,Cataluña
9217790,Cataluña
9218764,Cataluña
9047033,Cataluña
9213887,Cataluña
9216998,Cataluña
9195825,Cataluña
9212369,Cataluña
9219566,Cataluña
1005467,Cataluña
9207251,Cataluña
9198552,Cataluña
9048983,Cataluña
9211743,Cataluña
9208134,Cataluña
9211376,Cataluña
9212845,Cataluña
9195803,Cataluña
9212948,Cataluña
9213478,Cataluña
9208223,Cataluña
9207801,Cataluña
9181138,Cataluña
9222479,Cataluña
9208381,Cataluña
9218753,Cataluña
9181144,Cataluña
1005474,Cataluña
9209874,Cataluña
9072457,Cataluña
9199239,Cataluña
9047032,Cataluña
9219278,Cataluña
9197283,Cataluña
9219858,Cataluña
9213580,Cataluña
9218421,Cataluña
9220077,Cataluña
9217302,Cataluña
9196696,Cataluña
9209266,Cataluña
9222861,Cataluña
9208998,Cataluña
9215948,Cataluña
9208184,Cataluña
9198496,Cataluña
1005424,Cataluña
9215562,Cataluña
9217717,Cataluña
9211211,Cataluña
9072456,Cataluña
9208161,Cataluña
9198860,Cataluña
9209210,Cataluña
9211368,Cataluña
9212046,Cataluña
9049238,Cataluña
9195687,Cataluña
9212504,Cataluña
9198565,Cataluña
9197399,Cataluña
9041192,Cataluña
9213937,Cataluña
9220989,Cataluña
9199046,Cataluña
9222881,Cataluña
9049184,Cataluña
1005531,Cataluña
9196239,Cataluña
9196471,Cataluña
1005435,Cataluña
9072454,Cataluña
9222008,Cataluña
9072455,Cataluña
9220150,Cataluña
1005432,Cataluña
9213486,Cataluña
9220089,Cataluña
9221652,Cataluña
9196827,Cataluña
9217269,Cataluña
9198167,Cataluña
9217199,Cataluña
9216965,Cataluña
9207049,Cataluña
9215602,Cataluña
9212860,Cataluña
9220472,Cataluña
9210249,Cataluña
9212375,Cataluña
9049203,Cataluña
9221306,Cataluña
9197355,Cataluña
9222058,Cataluña
9214162,Cataluña
9218320,Cataluña
1005471,Cataluña
20294,Cataluña
9198192,Cataluña
9214647,Cataluña
9220842,Cataluña
9214084,Cataluña
9211876,Cataluña
9197002,Cataluña
9213300,Cataluña
9218403,Cataluña
9209102,Cataluña
9208086,Cataluña
9215633,Cataluña
1005437,Cataluña
9220830,Cataluña
9220268,Cataluña
9222027,Cataluña
9212588,Cataluña
9215544,Cataluña
9049202,Cataluña
9198747,Cataluña
9210342,Cataluña
9210874,Cataluña
9192612,Cataluña
9217214,Cataluña
9210239,Cataluña
9049136,Cataluña
9198465,Cataluña
9222274,Cataluña
9207478,Cataluña
9196988,Cataluña
9215111,Cataluña
9208469,Cataluña
9196072,Cataluña
1005436,Cataluña
9210997,Cataluña
9216448,Cataluña
9219058,Cataluña
9211969,Cataluña
9209333,Cataluña
9213655,Cataluña
9214358,Cataluña
9214626,Cataluña
9208091,Cataluña
9211564,Cataluña
1005428,Cataluña
9217822,Cataluña
9208246,Cataluña
9213830,Cataluña
9209203,Cataluña
9209853,Cataluña
9049076,Cataluña
9197251,Cataluña
1005434,Cataluña
9049020,Cataluña
9211154,Cataluña
9219208,Cataluña
9210357,Cataluña
9210446,Cataluña
9049094,Cataluña
1005431,Cataluña
9210127,Cataluña
9215307,Cataluña
9215408,Cataluña
9207713,Cataluña
9216761,Cataluña
9220087,Cataluña
9218990,Cataluña
9196110,Cataluña
9049125,Cataluña
9209080,Cataluña
9216696,Cataluña
9198594,Cataluña
9211595,Cataluña
9215598,Cataluña
1005469,Cataluña
9212319,Cataluña
9208387,Cataluña
9221801,Cataluña
9049070,Cataluña
9211873,Cataluña
9211004,Cataluña
9213562,Cataluña
1005430,Cataluña
9213169,Cataluña
9210830,Cataluña
9209817,Cataluña
9210045,Cataluña
9215564,Cataluña
9218947,Cataluña
9210917,Cataluña
1005423,Cataluña
9216054,Cataluña
9221607,Cataluña
9221678,Cataluña
9219271,Cataluña
9212941,Cataluña
9208431,Cataluña
9212595,Cataluña
9212691,Cataluña
9220940,Cataluña
9222786,Cataluña
9210169,Cataluña
9221659,Cataluña
9214622,Cataluña
9208159,Cataluña
9209866,Cataluña
9211694,Cataluña
9217039,Cataluña
9197910,Cataluña
9189298,Cataluña
9222548,Cataluña
9220663,Cataluña
9214707,Cataluña
9216758,Cataluña
9220419,Cataluña
9209546,Cataluña
9211397,Cataluña
9210534,Cataluña
9219456,Cataluña
1005472,Cataluña
9216853,Cataluña
9041190,Cataluña
9214924,Cataluña
20274,Ceuta
1005447,Ceuta
9210181,Comunidad Valenciana
9049151,Comunidad Valenciana
9197249,Comunidad Valenciana
9220920,Comunidad Valenciana
9217018,Comunidad Valenciana
9049189,Comunidad Valenciana
9220809,Comunidad Valenciana
1005540,Comunidad Valenciana
9209593,Comunidad Valenciana
1005536,Comunidad Valenciana
9219462,Comunidad Valenciana
9215928,Comunidad Valenciana
9214900,Comunidad Valenciana
9217919,Comunidad Valenciana
9049246,Comunidad Valenciana
9220550,Comunidad Valenciana
9210971,Comunidad Valenciana
9222734,Comunidad Valenciana
9049178,Comunidad Valenciana
9207180,Comunidad Valenciana
9197405,Comunidad Valenciana
9049008,Comunidad Valenciana
9214585,Comunidad Valenciana
9210910,Comunidad Valenciana
9207786,Comunidad Valenciana
9049159,Comunidad Valenciana
9049223,Comunidad Valenciana
9210866,Comunidad Valenciana
9211520,Comunidad Valenciana
9221642,Comunidad Valenciana
9213036,Comunidad Valenciana
9049134,Comunidad Valenciana
9049013,Comunidad Valenciana
9217464,Comunidad Valenciana
9197076,Comunidad Valenciana
9049040,Comunidad Valenciana
9207697,Comunidad Valenciana
1005539,Comunidad Valenciana
9192749,Comunidad Valenciana
9215573,Comunidad Valenciana
9222065,Comunidad Valenciana
9216144,Comunidad Valenciana
9194616,Comunidad Valenciana
9217429,Comunidad Valenciana
9049075,Comunidad Valenciana
9189796,Comunidad Valenciana
9220542,Comunidad Valenciana
9210305,Comunidad Valenciana
9207338,Comunidad Valenciana
9218961,Comunidad Valenciana
9048981,Comunidad Valenciana
9221651,Comunidad Valenciana
9220700,Comunidad Valenciana
9213964,Comunidad Valenciana
9049011,Comunidad Valenciana
9049054,Comunidad Valenciana
9049211,Comunidad Valenciana
20267,Comunidad Valenciana
1005537,Comunidad Valenciana
9214512,Comunidad Valenciana
9210754,Comunidad Valenciana
9049113,Comunidad Valenciana
9198712,Comunidad Valenciana
9049152,Comunidad Valenciana
9215184,Comunidad Valenciana
9220933,Comunidad Valenciana
9049024,Comunidad Valenciana
9216283,Comunidad Valenciana
9210314,Comunidad Valenciana
9215821,Comunidad Valenciana
9207370,Comunidad Valenciana
9213195,Comunidad Valenciana
9219264,Comunidad Valenciana
9214003,Comunidad Valenciana
9207747,Comunidad Valenciana
9217415,Comunidad Valenciana
9219650,Comunidad Valenciana
9207506,Comunidad Valenciana
9222162,Comunidad Valenciana
9209905,Comunidad Valenciana
9212459,Comunidad Valenciana
9221692,Comunidad Valenciana
9049165,Comunidad Valenciana
9207460,Comunidad Valenciana
9213459,Comunidad Valenciana
1005545,Comunidad Valenciana
9219655,Comunidad Valenciana
9041188,Comunidad Valenciana
9048995,Comunidad Valenciana
9211765,Comunidad Valenciana
9048962,Comunidad Valenciana
9211944,Comunidad Valenciana
9213520,Comunidad Valenciana
9212544,Comunidad Valenciana
9211898,Comunidad Valenciana
9219401,Comunidad Valenciana
9212292,Comunidad Valenciana
9219432,Comunidad Valenciana
9047055,Comunidad Valenciana
9049026,Comunidad Valenciana
9218226,Comunidad Valenciana
9219786,Comunidad Valenciana
9213272,Comunidad Valenciana
9220453,Comunidad Valenciana
9048979,Comunidad Valenciana
9048961,Comunidad Valenciana
9210528,Comunidad Valenciana
9221675,Comunidad Valenciana
9218478,Comunidad Valenciana
9049130,Comunidad Valenciana
9191429,Comunidad Valenciana
9214839,Comunidad Valenciana
9208299,Comunidad Valenciana
9211299,Comunidad Valenciana
9049248,Comunidad Valenciana
9214623,Comunidad Valenciana
9049183,Comunidad Valenciana
9212672,Comunidad Valenciana
9222036,Comunidad Valenciana
9049032,Comunidad Valenciana
9198268,Comunidad Valenciana
9221999,Comunidad Valenciana
9049209,Comunidad Valenciana
9222314,Comunidad Valenciana
20297,Comunidad Valenciana
9219179,Comunidad Valenciana
9216835,Comunidad Valenciana
9211063,Comunidad Valenciana
9049050,Comunidad Valenciana
9220666,Comunidad Valenciana
9198470,Comunidad Valenciana
9208104,Comunidad Valenciana
9049049,Comunidad Valenciana
9215754,Comunidad Valenciana
9049101,Comunidad Valenciana
9220613,Comunidad Valenciana
9198230,Comunidad Valenciana
9217183,Comunidad Valenciana
9218262,Comunidad Valenciana
9216840,Comunidad Valenciana
9198302,Comunidad Valenciana
9049138,Comunidad Valenciana
9049155,Comunidad Valenciana
9213174,Comunidad Valenciana
9210102,Comunidad Valenciana
9211044,Comunidad Valenciana
9209334,Comunidad Valenciana
9049168,Comunidad Valenciana
9049088,Comunidad Valenciana
9222472,Comunidad Valenciana
9193303,Comunidad Valenciana
9207222,Comunidad Valenciana
9213208,Comunidad Valenciana
9214513,Comunidad Valenciana
9049167,Comunidad Valenciana
9049082,Comunidad Valenciana
9210105,Comunidad Valenciana
9221032,Comunidad Valenciana
9221648,Comunidad Valenciana
9207668,Comunidad Valenciana
9049139,Comunidad Valenciana
9218205,Comunidad Valenciana
9048972,Comunidad Valenciana
9212813,Comunidad Valenciana
9049224,Comunidad Valenciana
9190270,Comunidad Valenciana
9207841,Comunidad Valenciana
9221630,Comunidad Valenciana
9049196,Comunidad Valenciana
9217718,Comunidad Valenciana
9214235,Comunidad Valenciana
9049106,Comunidad Valenciana
9048968,Comunidad Valenciana
9049156,Comunidad Valenciana
9222176,Comunidad Valenciana
9207551,Comunidad Valenciana
9049247,Comunidad Valenciana
9215726,Comunidad Valenciana
9208999,Comunidad Valenciana
9194704,Comunidad Valenciana
9049053,Comunidad Valenciana
9219874,Comunidad Valenciana
9207343,Comunidad Valenciana
9207699,Comunidad Valenciana
9208463,Comunidad Valenciana
9197458,Comunidad Valenciana
9220259,Comunidad Valenciana
9048980,Comunidad Valenciana
9207483,Comunidad Valenciana
9048970,Comunidad Valenciana
9049096,Comunidad Valenciana
9218817,Comunidad Valenciana
9049204,Comunidad Valenciana
9210005,Comunidad Valenciana
9217163,Comunidad Valenciana
9214861,Comunidad Valenciana
9193204,Comunidad Valenciana
9049074,Comunidad Valenciana
9218081,Comunidad Valenciana
9217630,Comunidad Valenciana
9213801,Comunidad Valenciana
9218471,Comunidad Valenciana
9215991,Comunidad Valenciana
9210758,Comunidad Valenciana
9197712,Comunidad Valenciana
9214629,Comunidad Valenciana
9049023,Comunidad Valenciana
9207310,Comunidad Valenciana
1005541,Comunidad Valenciana
9209205,Comunidad Valenciana
9049182,Comunidad Valenciana
9208230,Comunidad Valenciana
1005403,Comunidad Valenciana
9219230,Comunidad Valenciana
9208497,Comunidad Valenciana
9215808,Comunidad Valenciana
9049010,Comunidad Valenciana
9218517,Comunidad Valenciana
9222007,Comunidad Valenciana
1005413,Comunidad Valenciana
9198985,Comunidad Valenciana
9049181,Comunidad Valenciana
9208569,Comunidad Valenciana
9217139,Comunidad Valenciana
9207743,Comunidad Valenciana
9216927,Comunidad Valenciana
9198307,Comunidad Valenciana
9214957,Comunidad Valenciana
9181127,Comunidad Valenciana
9049146,Comunidad Valenciana
9215267,Comunidad Valenciana
9217332,Comunidad Valenciana
9215003,Comunidad Valenciana
9221513,Comunidad Valenciana
9049176,Comunidad Valenciana
9211788,Comunidad Valenciana
9215108,Comunidad Valenciana
9049172,Comunidad Valenciana
9221273,Comunidad Valenciana
9217776,Comunidad Valenciana
1005402,Comunidad Valenciana
9195972,Comunidad Valenciana
1005538,Comunidad Valenciana
9197529,Comunidad Valenciana
21388,Comunidad Valenciana
9207533,Comunidad Valenciana
9217694,Comunidad Valenciana
9208950,Comunidad Valenciana
9049030,Comunidad Valenciana
9208849,Comunidad Valenciana
9214002,Comunidad Valenciana
9049215,Comunidad Valenciana
9199001,Comunidad Valenciana
9220443,Comunidad Valenciana
9213791,Comunidad Valenciana
9217987,Comunidad Valenciana
9049210,Comunidad Valenciana
9049166,Comunidad Valenciana
9049092,Comunidad Valenciana
9208119,Comunidad Valenciana
9208088,Comunidad Valenciana
1005542,Comunidad Valenciana
9222676,Comunidad Valenciana
9049021,Comunidad Valenciana
9197621,Comunidad Valenciana
9221126,Comunidad Valenciana
1005404,Comunidad Valenciana
9214334,Comunidad Valenciana
1005543,Comunidad Valenciana
9222104,Comunidad Valenciana
9219491,Comunidad Valenciana
9212503,Comunidad Valenciana
1005544,Comunidad Valenciana
9216539,Comunidad Valenciana
1005535,Comunidad Valenciana
9219872,Comunidad Valenciana
9219897,Comunidad Valenciana
9219090,Comunidad Valenciana
9048960,Comunidad Valenciana
9217544,Comunidad Valenciana
1005487,Comunidad de Madrid
9061050,Comunidad de Madrid
9197890,Comunidad de Madrid
9198876,Comunidad de Madrid
9208031,Comunidad de Madrid
9198870,Comunidad de Madrid
9049198,Comunidad de Madrid
9181145,Comunidad de Madrid
9049245,Comunidad de Madrid
9214034,Comunidad de Madrid
9210659,Comunidad de Madrid
9049192,Comunidad de Madrid
9198450,Comunidad de Madrid
9212844,Comunidad de Madrid
9198823,Comunidad de Madrid
9195425,Comunidad de Madrid
9222474,Comunidad de Madrid
9181130,Comunidad de Madrid
9061041,Comunidad de Madrid
9181125,Comunidad de Madrid
9221358,Comunidad de Madrid
9217863,Comunidad de Madrid
9214989,Comunidad de Madrid
9217138,Comunidad de Madrid
9181135,Comunidad de Madrid
9048991,Comunidad de Madrid
9214504,Comunidad de Madrid
9061039,Comunidad de Madrid
9217282,Comunidad de Madrid
9207447,Comunidad de Madrid
9221363,Comunidad de Madrid
9061038,Comunidad de Madrid
9210263,Comunidad de Madrid
9210614,Comunidad de Madrid
9198218,Comunidad de Madrid
9207101,Comunidad de Madrid
9197944,Comunidad de Madrid
9181128,Comunidad de Madrid
9216839,Comunidad de Madrid
9061049,Comunidad de Madrid
9049195,Comunidad de Madrid
1005489,Comunidad de Madrid
9214193,Comunidad de Madrid
9196899,Comunidad de Madrid
9061048,Comunidad de Madrid
1005495,Comunidad de Madrid
9216156,Comunidad de Madrid
9221247,Comunidad de Madrid
9181132,Comunidad de Madrid
9194868,Comunidad de Madrid
9198553,Comunidad de Madrid
1005491,Comunidad de Madrid
9190106,Comunidad de Madrid
9181129,Comunidad de Madrid
9181159,Comunidad de Madrid
9181158,Comunidad de Madrid
9061035,Comunidad de Madrid
9198162,Comunidad de Madrid
9211158,Comunidad de Madrid
9219563,Comunidad de Madrid
9221709,Comunidad de Madrid
9221018,Comunidad de Madrid
9197739,Comunidad de Madrid
9049044,Comunidad de Madrid
9212378,Comunidad de Madrid
9198645,Comunidad de Madrid
9195486,Comunidad de Madrid
9049239,Comunidad de Madrid
9061033,Comunidad de Madrid
1005490,Comunidad de Madrid
9181153,Comunidad de Madrid
9181149,Comunidad de Madrid
9049081,Comunidad de Madrid
9189472,Comunidad de Madrid
9195728,Comunidad de Madrid
9222481,Comunidad de Madrid
9181161,Comunidad de Madrid
9198500,Comunidad de Madrid
9191733,Comunidad de Madrid
9221164,Comunidad de Madrid
1005486,Comunidad de Madrid
9061040,Comunidad de Madrid
9061052,Comunidad de Madrid
9216829,Comunidad de Madrid
9181146,Comunidad de Madrid
9198541,Comunidad de Madrid
9214424,Comunidad de Madrid
9214090,Comunidad de Madrid
9041200,Comunidad de Madrid
9215453,Comunidad de Madrid
9194601,Comunidad de Madrid
9198422,Comunidad de Madrid
9221061,Comunidad de Madrid
9216258,Comunidad de Madrid
9061032,Comunidad de Madrid
9221238,Comunidad de Madrid
9215228,Comunidad de Madrid
9194448,Comunidad de Madrid
9199167,Comunidad de Madrid
9061042,Comunidad de Madrid
9220724,Comunidad de Madrid
9195987,Comunidad de Madrid
9219785,Comunidad de Madrid
9181152,Comunidad de Madrid
9198042,Comunidad de Madrid
9049072,Comunidad de Madrid
9049186,Comunidad de Madrid
9199133,Comunidad de Madrid
9207290,Comunidad de Madrid
9198898,Comunidad de Madrid
9181162,Comunidad de Madrid
9209621,Comunidad de Madrid
9207161,Comunidad de Madrid
9209442,Comunidad de Madrid
9222670,Comunidad de Madrid
9211188,Comunidad de Madrid
9213397,Comunidad de Madrid
9191468,Comunidad de Madrid
9049163,Comunidad de Madrid
9217611,Comunidad de Madrid
9048987,Comunidad de Madrid
9193004,Comunidad de Madrid
9181139,Comunidad de Madrid
9214442,Comunidad de Madrid
9198434,Comunidad de Madrid
9199010,Comunidad de Madrid
9181154,Comunidad de Madrid
9049227,Comunidad de Madrid
9214217,Comunidad de Madrid
1005493,Comunidad de Madrid
1005496,Comunidad de Madrid
9049242,Comunidad de Madrid
1005492,Comunidad de Madrid
9061037,Comunidad de Madrid
9049236,Comunidad de Madrid
9218675,Comunidad de Madrid
9191540,Comunidad de Madrid
1005417,Comunidad de Madrid
9217868,Comunidad de Madrid
9049132,Comunidad de Madrid
9198488,Comunidad de Madrid
9215230,Comunidad de Madrid
9217226,Comunidad de Madrid
9198306,Comunidad de Madrid
9209986,Comunidad de Madrid
9061045,Comunidad de Madrid
9209479,Comunidad de Madrid
9220709,Comunidad de Madrid
9189620,Comunidad de Madrid
9212393,Comunidad de Madrid
9198415,Comunidad de Madrid
9061051,Comunidad de Madrid
9214448,Comunidad de Madrid
9220905,Comunidad de Madrid
9210367,Comunidad de Madrid
9049148,Comunidad de Madrid
9216653,Comunidad de Madrid
9181155,Comunidad de Madrid
9181140,Comunidad de Madrid
9209744,Comunidad de Madrid
9214281,Comunidad de Madrid
9199096,Comunidad de Madrid
9181133,Comunidad de Madrid
9193945,Comunidad de Madrid
9181137,Comunidad de Madrid
9211443,Comunidad de Madrid
9190490,Comunidad de Madrid
9193128,Comunidad de Madrid
1005497,Comunidad de Madrid
9198480,Comunidad de Madrid
9061046,Comunidad de Madrid
9221277,Comunidad de Madrid
9192380,Comunidad de Madrid
9211433,Comunidad de Madrid
9049162,Comunidad de Madrid
9181124,Comunidad de Madrid
9213302,Comunidad de Madrid
9198742,Comunidad de Madrid
9189720,Comunidad de Madrid
9197815,Comunidad de Madrid
9195829,Comunidad de Madrid
9221138,Comunidad de Madrid
9041189,Comunidad de Madrid
9213642,Comunidad de Madrid
9207455,Comunidad de Madrid
9198759,Comunidad de Madrid
9210076,Comunidad de Madrid
9067650,Comunidad de Madrid
9041197,Comunidad de Madrid
9061043,Comunidad de Madrid
9209293,Comunidad de Madrid
9221002,Comunidad de Madrid
9198517,Comunidad de Madrid
1005488,Comunidad de Madrid
20282,Comunidad de Madrid
9220665,Comunidad de Madrid
9181131,Comunidad de Madrid
9049240,Comunidad de Madrid
9216405,Comunidad de Madrid
9061036,Comunidad de Madrid
9198829,Comunidad de Madrid
9220623,Comunidad de Madrid
9213860,Comunidad de Madrid
9209390,Comunidad de Madrid
9193695,Comunidad de Madrid
9220035,Comunidad de Madrid
9197453,Comunidad de Madrid
9181136,Comunidad de Madrid
9197888,Comunidad de Madrid
9219461,Comunidad de Madrid
9213495,Comunidad de Madrid
9181151,Comunidad de Madrid
9047045,Comunidad de Madrid
9181157,Comunidad de Madrid
9208131,Comunidad de Madrid
9219293,Comunidad de Madrid
9061047,Comunidad de Madrid
9061034,Comunidad de Madrid
9208563,Comunidad de Madrid
9213629,Comunidad de Madrid
9198026,Comunidad de Madrid
1005494,Comunidad de Madrid
9207123,Comunidad de Madrid
9181126,Comunidad de Madrid
9048971,Comunidad de Madrid
9216669,Comunidad de Madrid
9198569,Comunidad de Madrid
9049233,Comunidad de Madrid
9222822,Comunidad de Madrid
9196570,Comunidad de Madrid
9049170,Comunidad de Madrid
9198945,Comunidad de Madrid
9216532,Comunidad de Madrid
9207767,Extremadura
1005475,Extremadura
9216003,Extremadura
1005476,Extremadura
9218652,Extremadura
9048977,Extremadura
9049249,Extremadura
1005477,Extremadura
9207381,Extremadura
9215134,Extremadura
9211212,Extremadura
9218923,Extremadura
9197480,Extremadura
9215039,Extremadura
9049171,Extremadura
1005478,Extremadura
9215308,Extremadura
9211934,Extremadura
9210633,Extremadura
9214814,Extremadura
9047038,Extremadura
9212398,Extremadura
9219488,Extremadura
9216057,Extremadura
9049241,Extremadura
9213341,Extremadura
9208176,Extremadura
9212178,Extremadura
9047037,Extremadura
9048963,Extremadura
9207586,Extremadura
9219901,Extremadura
20279,Extremadura
9049149,Extremadura
9212542,Galicia
9207152,Galicia
9214296,Galicia
9222399,Galicia
9208692,Galicia
1005479,Galicia
9211068,Galicia
9222534,Galicia
9212420,Galicia
9207106,Galicia
9212569,Galicia
9049147,Galicia
9219106,Galicia
9208135,Galicia
9217131,Galicia
9211499,Galicia
9212054,Galicia
9221488,Galicia
9207319,Galicia
9217249,Galicia
9217223,Galicia
9217726,Galicia
9219534,Galicia
9218762,Galicia
9217921,Galicia
9210500,Galicia
9215232,Galicia
9216240,Galicia
9221378,Galicia
9221610,Galicia
9220844,Galicia
9212473,Galicia
9217885,Galicia
9209172,Galicia
9212078,Galicia
20288,Galicia
9214744,Galicia
1005480,Galicia
9212492,Galicia
9217607,Galicia
9210994,Galicia
9207185,Galicia
9213844,Galicia
9221197,Galicia
9218586,Galicia
9219123,Galicia
9211626,Galicia
9210369,Galicia
9222361,Galicia
9210737,Galicia
9211351,Galicia
9220917,Galicia
9213806,Galicia
9218467,Galicia
9222458,Galicia
9218980,Galicia
9221969,Galicia
9210741,Galicia
9213363,Galicia
1005482,Galicia
9221142,Galicia
9198387,Galicia
9220820,Galicia
9213526,Galicia
9210768,Galicia
9209746,Galicia
9218704,Galicia
9209584,Galicia
9211551,Galicia
9209821,Galicia
9218200,Galicia
9217126,Galicia
9216563,Galicia
9220439,Galicia
9216390,Galicia
9221864,Galicia
9215423,Galicia
9216056,Galicia
9048994,Galicia
9208945,Galicia
9212118,Galicia
9214713,Galicia
9215072,Galicia
9207709,Galicia
9213480,Galicia
9211953,Galicia
9222553,Galicia
9215199,Galicia
9217048,Galicia
9208202,Galicia
9221228,Galicia
9212766,Galicia
9214862,Galicia
9196337,Galicia
9220907,Galicia
9215425,Galicia
9207733,Galicia
9222665,Galicia
9217656,Galicia
9217447,Galicia
9212441,Galicia
9218974,Galicia
9215972,Galicia
9219676,Galicia
9221689,Galicia
9208482,Galicia
9221319,Galicia
9219990,Galicia
9211387,Galicia
9222307,Galicia
9211597,Galicia
9221014,Galicia
9217850,Galicia
9220487,Galicia
9207151,Galicia
9207328,Galicia
9208654,Galicia
9209043,Galicia
9208006,Galicia
9215265,Galicia
9047043,Galicia
9220119,Galicia
9213869,Galicia
9208754,Galicia
9217900,Galicia
9221900,Galicia
9212165,Galicia
9218071,Galicia
9211455,Galicia
9221674,Galicia
9216465,Galicia
9216655,Galicia
9218666,Galicia
9212817,Galicia
9217993,Galicia
9220784,Galicia
9211069,Galicia
9208787,Galicia
9220081,Galicia
9214641,Galicia
9219096,Galicia
9221454,Galicia
9210131,Galicia
9211995,Galicia
9221924,Galicia
9214037,Galicia
9216342,Galicia
9212742,Galicia
9218513,Galicia
9215050,Galicia
9218356,Galicia
9210391,Galicia
9211087,Galicia
9218744,Galicia
9212406,Galicia
9217735,Galicia
9217198,Galicia
9213733,Galicia
9217831,Galicia
9211585,Galicia
9214650,Galicia
9218125,Galicia
20272,Galicia
9207403,Galicia
9219234,Galicia
9219336,Galicia
1005518,Galicia
9221106,Galicia
9212602,Galicia
9208005,Galicia
9221976,Galicia
9222583,Galicia
9217579,Galicia
9208034,Galicia
9219895,Galicia
9214977,Galicia
9210925,Galicia
9216667,Galicia
9215001,Galicia
9207897,Galicia
9208278,Galicia
9041194,Galicia
9222666,Galicia
9215700,Galicia
9221390,Galicia
9214634,Galicia
9219424,Galicia
9216329,Galicia
9210751,Galicia
1005483,Galicia
9213290,Galicia
9218019,Galicia
9215542,Galicia
9211638,Galicia
9218610,Galicia
9211355,Galicia
9211048,Galicia
9218872,Galicia
9212146,Galicia
9219982,Galicia
9219384,Galicia
9211196,Galicia
20280,Galicia
9216907,Galicia
9215077,Galicia
9222234,Galicia
9215858,Galicia
9216446,Galicia
9208103,Galicia
9209175,Galicia
9222889,Galicia
9208401,Galicia
9209776,Galicia
9216268,Galicia
9217093,Galicia
1005481,Galicia
9214531,Galicia
9219162,Galicia
9217904,Galicia
9221532,Galicia
9049016,Galicia
9209530,Galicia
9216838,Galicia
9047039,Galicia
9211165,Galicia
9211777,Galicia
9221183,Galicia
9210489,Galicia
9221467,Galicia
9215321,Galicia
9222593,Galicia
9213447,Galicia
9218074,Galicia
9213906,Galicia
9215373,Galicia
9216769,Galicia
9213188,Galicia
9216960,Galicia
9214373,Galicia
9213095,Galicia
9210447,Islas Baleares
9222311,Islas Baleares
9212826,Islas Baleares
9216964,Islas Baleares
1005513,Islas Baleares
9208703,Islas Baleares
9213657,Islas Baleares
9218330,Islas Baleares
1005516,Islas Baleares
9194540,Islas Baleares
9212015,Islas Baleares
9211936,Islas Baleares
9219484,Islas Baleares
9217845,Islas Baleares
9209618,Islas Baleares
9220218,Islas Baleares
9221831,Islas Baleares
9198983,Islas Baleares
9213242,Islas Baleares
9221396,Islas Baleares
9216530,Islas Baleares
9219586,Islas Baleares
9220403,Islas Baleares
9215661,Islas Baleares
1005514,Islas Baleares
9208232,Islas Baleares
9212661,Islas Baleares
9222199,Islas Baleares
9214606,Islas Baleares
9214354,Islas Baleares
9220451,Islas Baleares
9208517,Islas Baleares
9214847,Islas Baleares
9214120,Islas Baleares
9207253,Islas Baleares
9221282,Islas Baleares
9208990,Islas Baleares
9211996,Islas Baleares
9212433,Islas Baleares
9049188,Islas Baleares
9210254,Islas Baleares
1005519,Islas Baleares
9221237,Islas Baleares
9214853,Islas Baleares
9213047,Islas Baleares
9208812,Islas Baleares
9209152,Islas Baleares
9212496,Islas Baleares
9216355,Islas Baleares
9222441,Islas Baleares
9210293,Islas Baleares
9211182,Islas Baleares
9221347,Islas Baleares
9217500,Islas Baleares
9049205,Islas Baleares
9214701,Islas Baleares
9208922,Islas Baleares
9211908,Islas Baleares
9208300,Islas Baleares
9207264,Islas Baleares
9041193,Islas Baleares
9207479,Islas Baleares
9049115,Islas Baleares
9215926,Islas Baleares
9213041,Islas Baleares
9217325,Islas Baleares
9212169,Islas Baleares
9211939,Islas Baleares
9208259,Islas Baleares
9212004,Islas Baleares
9213096,Islas Baleares
9217567,Islas Baleares
9207334,Islas Baleares
9213203,Islas Baleares
9209694,Islas Baleares
9214803,Islas Baleares
9208475,Islas Baleares
9213962,Islas Baleares
9221604,Islas Baleares
9214560,Islas Baleares
9214107,Islas Baleares
9222543,Islas Baleares
9209565,Islas Baleares
9214756,Islas Baleares
9208252,Islas Baleares
9209352,Islas Baleares
9210991,Islas Baleares
9216270,Islas Baleares
9221521,Islas Baleares
9222418,Islas Baleares
9222685,Islas Baleares
9220856,Islas Baleares
9219350,Islas Baleares
9210575,Islas Baleares
9208893,Islas Baleares
9198021,Islas Baleares
9211900,Islas Baleares
9059997,Islas Baleares
1005515,Islas Baleares
9216836,Islas Baleares
9213147,Islas Baleares
9214231,Islas Baleares
9215113,Islas Baleares
9220751,Islas Baleares
9220601,Islas Baleares
9209628,Islas Baleares
9222102,Islas Baleares
9216458,Islas Baleares
9049212,Islas Baleares
9220433,Islas Baleares
9209840,Islas Baleares
9216082,Islas Baleares
9211756,Islas Baleares
9219411,Islas Baleares
9216647,Islas Baleares
1005512,Islas Baleares
9210217,Islas Baleares
9207830,Islas Baleares
9221008,Islas Baleares
1005517,Islas Baleares
9215820,Islas Baleares
9221807,Islas Baleares
9212954,Islas Baleares
9213127,Islas Baleares
9219797,Islas Baleares
9219582,Islas Baleares
9207474,Islas Baleares
9221284,Islas Baleares
9219241,Islas Baleares
9220669,Islas Baleares
9207098,Islas Baleares
9216069,Islas Baleares
9215235,Islas Baleares
9217449,Islas Baleares
9211469,Islas Baleares
9213405,Islas Baleares
9218442,Islas Baleares
9211735,Islas Baleares
9214091,Islas Baleares
9211214,Islas Baleares
21387,Islas Baleares
9221295,Islas Baleares
9215099,Islas Baleares
9213384,Islas Baleares
9218361,Islas Baleares
9222668,Islas Baleares
9214470,Islas Baleares
9211213,Islas Baleares
9217118,Islas Baleares
9218542,Islas Baleares
9218965,Islas Baleares
9049084,Islas Baleares
9214866,Islas Baleares
9217439,Islas Baleares
9213339,Islas Baleares
20287,Islas Baleares
9207849,Islas Baleares
9216567,Islas Baleares
9215351,Islas Baleares
9207369,Islas Baleares
9211349,Islas Baleares
9220753,Islas Baleares
9216554,Islas Baleares
9049214,Islas Baleares
9213996,Islas Baleares
9209957,Islas Baleares
9213931,Islas Baleares
9220391,Islas Baleares
9207155,Islas Baleares
9213584,Islas Baleares
9211757,Islas Baleares
9215280,Islas Baleares
9216365,Islas Baleares
9207443,Islas Baleares
9211686,Islas Baleares
9208687,Islas Baleares
9217355,Islas Baleares
9191440,Islas Baleares
9213685,Islas Baleares
9209225,Islas Baleares
9209480,Islas Baleares
9214867,Islas Baleares
9210682,Islas Baleares
9218661,Islas Baleares
9217930,Islas Baleares
9222847,Islas Baleares
9210986,Islas Baleares
9198315,Islas Canarias
9219987,Islas Canarias
9209044,Islas Canarias
9208821,Islas Canarias
9221789,Islas Canarias
9211269,Islas Canarias
9207653,Islas Canarias
9220569,Islas Canarias
9215056,Islas Canarias
9209801,Islas Canarias
9196526,Islas Canarias
9196934,Islas Canarias
9208725,Islas Canarias
9211452,Islas Canarias
9214926,Islas Canarias
9214253,Islas Canarias
9209660,Islas Canarias
9219999,Islas Canarias
9217043,Islas Canarias
9220470,Islas Canarias
9207993,Islas Canarias
9212049,Islas Canarias
9198833,Islas Canarias
9219637,Islas Canarias
9217062,Islas Canarias
9216702,Islas Canarias
9213818,Islas Canarias
9210056,Islas Canarias
9217191,Islas Canarias
9213219,Islas Canarias
9218010,Islas Canarias
9217503,Islas Canarias
1005463,Islas Canarias
9214155,Islas Canarias
9207569,Islas Canarias
9208878,Islas Canarias
9211176,Islas Canarias
9217284,Islas Canarias
9209884,Islas Canarias
9196114,Islas Canarias
9193719,Islas Canarias
9207836,Islas Canarias
9215358,Islas Canarias
9218738,Islas Canarias
1005466,Islas Canarias
9212190,Islas Canarias
9221395,Islas Canarias
9217943,Islas Canarias
9047034,Islas Canarias
9213525,Islas Canarias
9218813,Islas Canarias
9198109,Islas Canarias
9212326,Islas Canarias
9221084,Islas Canarias
20277,Islas Canarias
9190166,Islas Canarias
9207936,Islas Canarias
9210214,Islas Canarias
9210892,Islas Canarias
9211799,Islas Canarias
9215494,Islas Canarias
9213329,Islas Canarias
9214630,Islas Canarias
9041191,Islas Canarias
9196767,Islas Canarias
9222706,Islas Canarias
9196890,Islas Canarias
9215057,Islas Canarias
9216172,Islas Canarias
1005464,Islas Canarias
9212296,Islas Canarias
9049235,Islas Canarias
9222166,Islas Canarias
9210352,Islas Canarias
9049193,Islas Canarias
9048993,Islas Canarias
9048956,Islas Canarias
1005461,Islas Canarias
9214063,Islas Canarias
9214717,Islas Canarias
9207722,Islas Canarias
9220889,Islas Canarias
9214001,Islas Canarias
1005532,Islas Canarias
9220485,Islas Canarias
9222542,Islas Canarias
9221480,Islas Canarias
9218066,Islas Canarias
9213008,Islas Canarias
9217216,Islas Canarias
1005465,Islas Canarias
9197134,Islas Canarias
20295,Islas Canarias
9215464,La Rioja
9218286,La Rioja
9048969,La Rioja
1005485,La Rioja
1005484,La Rioja
9207777,La Rioja
9049018,La Rioja
9047053,La Rioja
20281,La Rioja
9213578,La Rioja
9213344,La Rioja
9207234,La Rioja
9049077,La Rioja
9216053,La Rioja
20283,Melilla
1005498,Melilla
9212664,Navarre
1005503,Navarre
9218779,Navarre
9217733,Navarre
9217192,Navarre
9218439,Navarre
9192501,Navarre
9213197,Navarre
1005502,Navarre
9049252,Navarre
1005504,Navarre
9215167,Navarre
1005505,Navarre
9216062,Navarre
9049067,Navarre
9211133,Navarre
9049047,Navarre
9198717,Navarre
9047051,Navarre
20285,Navarre
1005506,Navarre
9212006,Navarre
9215836,Navarre
9216991,País Vasco
9214325,País Vasco
9221687,País Vasco
9049145,País Vasco
9181148,País Vasco
9181147,País Vasco
9219525,País Vasco
9222621,País Vasco
9049012,País Vasco
9049004,País Vasco
9209879,País Vasco
9215293,País Vasco
9049251,País Vasco
9181134,País Vasco
9209436,País Vasco
9048992,País Vasco
9211677,País Vasco
9049154,País Vasco
9049085,País Vasco
9208032,País Vasco
9220797,País Vasco
9222222,País Vasco
9220425,País Vasco
9211731,País Vasco
9221741,País Vasco
9210304,País Vasco
9219122,País Vasco
9208684,País Vasco
9211235,País Vasco
1005523,País Vasco
9215516,País Vasco
9215608,País Vasco
9212604,País Vasco
9048997,País Vasco
9221086,País Vasco
9217150,País Vasco
9218191,País Vasco
9219825,País Vasco
9048984,País Vasco
9214529,País Vasco
9221753,País Vasco
9212289,País Vasco
9209972,País Vasco
9214726,País Vasco
1005529,País Vasco
1005522,País Vasco
9209848,País Vasco
9218438,País Vasco
20299,País Vasco
9190882,País Vasco
9210143,País Vasco
9220603,País Vasco
1005438,País Vasco
9220183,País Vasco
9220952,País Vasco
9049253,País Vasco
9049055,País Vasco
9215403,País Vasco
9217510,País Vasco
9049006,País Vasco
9207949,País Vasco
9215840,País Vasco
9196430,País Vasco
9209917,País Vasco
1005442,País Vasco
9221151,País Vasco
9209003,País Vasco
9207449,País Vasco
9210738,País Vasco
9211360,País Vasco
1005439,País Vasco
20271,País Vasco
1005547,País Vasco
9217508,País Vasco
9212252,País Vasco
9213475,País Vasco
9195440,País Vasco
9214139,País Vasco
9215334,País Vasco
9222255,País Vasco
9212590,País Vasco
9198030,País Vasco
1005440,País Vasco
9208817,País Vasco
9207619,País Vasco
9214998,País Vasco
9214370,País Vasco
9221343,País Vasco
9049073,País Vasco
1005441,País Vasco
9218384,País Vasco
9211744,País Vasco
9049079,País Vasco
9208394,País Vasco
9215127,País Vasco
9210616,País Vasco
9218402,País Vasco
9049060,País Vasco
9049086,País Vasco
9217271,País Vasco
9211250,País Vasco
9199186,País Vasco
9209961,País Vasco
1005521,País Vasco
9049062,País Vasco
9219388,País Vasco
9211514,País Vasco
9211653,País Vasco
9222717,País Vasco
9049078,País Vasco
1005520,País Vasco
9048982,País Vasco
9196150,País Vasco
9181143,País Vasco
9218967,País Vasco
9181142,País Vasco
1005530,País Vasco
9210702,País Vasco
9222082,País Vasco
9218484,País Vasco
9221673,País Vasco
9207492,País Vasco
9215210,País Vasco
9208332,País Vasco
9221446,País Vasco
9215918,País Vasco
9221730,País Vasco
20289,País Vasco
20293,País Vasco
9213170,País Vasco
9221068,País Vasco
9207112,País Vasco
9049110,País Vasco
9216568,País Vasco
9222143,País Vasco
9214801,País Vasco
9214386,País Vasco
9216537,País Vasco
9049091,Región de Murcia
9049035,Región de Murcia
9219131,Región de Murcia
9209827,Región de Murcia
9216169,Región de Murcia
9211230,Región de Murcia
9222619,Región de Murcia
9211098,Región de Murcia
9217435,Región de Murcia
9049173,Región de Murcia
9049019,Región de Murcia
9208723,Región de Murcia
9214602,Región de Murcia
9219124,Región de Murcia
9048973,Región de Murcia
9049038,Región de Murcia
9197969,Región de Murcia
9215092,Región de Murcia
9220260,Región de Murcia
9213332,Región de Murcia
9210965,Región de Murcia
9048966,Región de Murcia
9208915,Región de Murcia
9049206,Región de Murcia
1005500,Región de Murcia
9218605,Región de Murcia
1005499,Región de Murcia
9214530,Región de Murcia
9212938,Región de Murcia
9208608,Región de Murcia
9209721,Región de Murcia
9048989,Región de Murcia
9209093,Región de Murcia
9218363,Región de Murcia
9216036,Región de Murcia
9047056,Región de Murcia
9222898,Región de Murcia
9208775,Región de Murcia
9214789,Región de Murcia
9212020,Región de Murcia
9217703,Región de Murcia
9209825,Región de Murcia
9209451,Región de Murcia
9213623,Región de Murcia
9219320,Región de Murcia
9220544,Región de Murcia
9049108,Región de Murcia
9216733,Región de Murcia
9222557,Región de Murcia
9220168,Región de Murcia
9221477,Región de Murcia
9210507,Región de Murcia
9049226,Región de Murcia
9209301,Región de Murcia
9217635,Región de Murcia
9220376,Región de Murcia
9216736,Región de Murcia
9213104,Región de Murcia
9221004,Región de Murcia
9222127,Región de Murcia
9048959,Región de Murcia
9049131,Región de Murcia
9217379,Región de Murcia
9212535,Región de Murcia
9219453,Región de Murcia
9049034,Región de Murcia
9218898,Región de Murcia
9209030,Región de Murcia
9215142,Región de Murcia
9222869,Región de Murcia
9212153,Región de Murcia
9215883,Región de Murcia
9049065,Región de Murcia
9049015,Región de Murcia
9216303,Región de Murcia
1005501,Región de Murcia
9219752,Región de Murcia
9221501,Región de Murcia
9220257,Región de Murcia
20284,Región de Murcia
9049135,Región de Murcia
9214543,Región de Murcia
9211497,Región de Murcia
9207157,Región de Murcia
9218374,Región de Murcia
9218206,Región de Murcia